{"cameraMode":{"drawMode":0,"name":"Shaded","section":"Shading Mode"},"sceneLighting":false,"audioPlay":false,"sceneViewState":{"showFog":true,"showMaterialUpdate":false,"showSkybox":false,"showFlares":true,"showImageEffects":true,"showParticleSystems":true},"in2DMode":false,"pivot":{"x":-0.06185603141784668,"y":-0.1679820418357849,"z":-0.7185691595077515},"rotation":{"x":-0.06269529461860657,"y":0.8252737522125244,"z":-0.09349562972784043,"w":-0.5534024834632874},"size":2.534778118133545,"orthographic":false}